CustomerID,2010_revenue,days_since_first_purchase,days_since_last_purchase,number_of_purchase,avg_order_cost,2011_revenue
12347.0,711.79,24.0,24.0,1,711.79,3598.2100000000014
12348.0,892.8,15.0,15.0,1,892.8,904.4399999999999
12370.0,1868.02,17.0,14.0,2,934.01,1677.6700000000008
12377.0,1001.5200000000002,11.0,11.0,1,1001.5200000000002,626.5999999999999
12383.0,600.72,9.0,9.0,1,600.72,1249.84
12386.0,258.9,23.0,23.0,1,258.9,143.0
12395.0,679.92,28.0,14.0,2,339.96,2338.71
12417.0,291.34,14.0,14.0,1,291.34,3357.7600000000007
12423.0,237.93000000000004,10.0,10.0,1,237.93000000000004,1621.3800000000003
12427.0,303.5,28.0,28.0,1,303.5,522.3
12429.0,1281.5000000000002,22.0,22.0,1,1281.5000000000002,2468.9000000000005
12431.0,773.95,30.0,14.0,2,386.975,5713.500000000001
12472.0,1631.3000000000009,26.0,26.0,1,1631.3000000000009,4940.810000000003
12476.0,12.45,18.0,18.0,1,12.45,6803.970000000007
12481.0,791.34,22.0,11.0,2,395.67,4804.9800000000005
12494.0,62.55,22.0,15.0,2,31.275,1183.5500000000009
12540.0,881.0099999999998,18.0,18.0,1,881.0099999999998,12519.229999999996
12557.0,620.0,28.0,28.0,1,620.0,11370.96
12567.0,1942.3799999999999,26.0,24.0,2,971.1899999999999,7458.9000000000015
12577.0,195.89000000000001,16.0,16.0,1,195.89000000000001,461.9099999999999
12583.0,855.8599999999999,30.0,30.0,1,855.8599999999999,6425.519999999998
12585.0,1262.8500000000001,8.0,8.0,1,1262.8500000000001,777.25
12600.0,274.8,28.0,14.0,2,137.4,2324.2400000000002
12621.0,1383.6499999999999,22.0,14.0,2,691.8249999999999,12306.019999999991
12647.0,1193.6,26.0,14.0,3,397.8666666666666,2529.2200000000007
12662.0,261.48,30.0,30.0,1,261.48,3588.2999999999975
12668.0,469.86999999999995,12.0,12.0,1,469.86999999999995,3337.2800000000016
12678.0,221.28,10.0,10.0,1,221.28,17407.180000000004
12681.0,2118.11,24.0,11.0,2,1059.055,11669.429999999995
12682.0,1075.29,28.0,22.0,2,537.645,11212.929999999995
12683.0,1063.08,22.0,22.0,1,1063.08,7413.489999999997
12691.0,180.00000000000003,14.0,14.0,1,180.00000000000003,855.8000000000002
12705.0,858.0,14.0,14.0,1,858.0,6010.290000000003
12708.0,196.44,25.0,25.0,1,196.44,2516.4700000000007
12709.0,1315.69,23.0,14.0,2,657.845,8420.829999999994
12712.0,470.63000000000005,28.0,22.0,2,235.31500000000003,3925.499999999999
12720.0,657.13,26.0,14.0,2,328.565,5124.5999999999985
12721.0,286.59999999999997,11.0,11.0,1,286.59999999999997,2369.53
12726.0,170.28000000000003,14.0,14.0,1,170.28000000000003,2438.8200000000006
12731.0,1071.9,21.0,21.0,1,1071.9,17824.01000000001
12747.0,706.27,26.0,18.0,2,353.135,3489.7400000000007
12753.0,3590.59,19.0,19.0,1,3590.59,17838.79999999999
12763.0,320.08,26.0,26.0,1,320.08,174.0
12766.0,1149.2900000000002,23.0,23.0,1,1149.2900000000002,5840.34
12779.0,248.16,28.0,28.0,1,248.16,3733.2000000000016
12782.0,463.5,14.0,14.0,1,463.5,1867.4199999999998
12793.0,131.8,28.0,28.0,1,131.8,413.68
12808.0,129.4,25.0,25.0,1,129.4,354.2500000000001
12826.0,155.0,22.0,22.0,1,155.0,1319.7199999999996
12829.0,85.75,17.0,17.0,1,85.75,207.25
12838.0,390.7900000000002,30.0,30.0,1,390.7900000000002,292.3399999999998
12839.0,737.4499999999999,24.0,14.0,2,368.72499999999997,4853.970000000002
12841.0,505.99,28.0,26.0,2,252.995,3516.3599999999997
12867.0,362.78999999999996,17.0,17.0,1,362.78999999999996,3674.0299999999957
12868.0,203.3,30.0,30.0,1,203.3,1403.7600000000004
12872.0,378.5299999999999,22.0,22.0,1,378.5299999999999,221.44000000000003
12875.0,293.76000000000005,19.0,19.0,1,293.76000000000005,49.470000000000006
12877.0,150.06000000000003,15.0,15.0,1,150.06000000000003,1385.7100000000005
12913.0,417.62,25.0,25.0,1,417.62,2066.0100000000007
12915.0,199.65,29.0,29.0,1,199.65,164.0
12921.0,687.8000000000001,30.0,23.0,2,343.90000000000003,15899.290000000003
12928.0,392.34,16.0,16.0,1,392.34,1670.3599999999992
12931.0,177.0,14.0,14.0,1,177.0,41878.96
12942.0,258.75000000000006,22.0,22.0,1,258.75000000000006,425.1499999999998
12944.0,286.95,11.0,11.0,1,286.95,317.56000000000006
12947.0,304.03999999999996,30.0,30.0,1,304.03999999999996,1299.9500000000003
12963.0,365.80000000000007,22.0,22.0,1,365.80000000000007,1490.8299999999995
12971.0,436.19,29.0,10.0,5,87.238,10753.719999999996
12980.0,889.32,15.0,15.0,1,889.32,6485.58
12989.0,202.5,21.0,21.0,1,202.5,6721.609999999998
13000.0,201.75000000000003,21.0,21.0,1,201.75000000000003,333.1
13004.0,357.01,14.0,14.0,1,357.01,5298.899999999996
13013.0,1528.3400000000004,28.0,28.0,1,1528.3400000000004,3282.5999999999976
13021.0,157.35000000000002,15.0,15.0,1,157.35000000000002,2459.0299999999997
13027.0,1440.0,11.0,11.0,1,1440.0,5472.0
13029.0,382.5,10.0,10.0,1,382.5,864.9999999999999
13030.0,427.73999999999995,25.0,25.0,1,427.73999999999995,371.74
13034.0,165.86,26.0,26.0,1,165.86,476.90999999999997
13047.0,366.63000000000005,30.0,30.0,1,366.63000000000005,2870.91
13050.0,1199.8699999999997,23.0,11.0,4,299.9674999999999,4636.990000000002
13069.0,644.1199999999998,26.0,18.0,2,322.0599999999999,3791.999999999999
13077.0,313.71999999999997,23.0,23.0,1,313.71999999999997,415.5499999999999
13078.0,881.1600000000001,23.0,16.0,2,440.58000000000004,11746.780000000004
13081.0,2366.7799999999997,28.0,28.0,1,2366.7799999999997,25970.600000000057
13090.0,1008.4,29.0,22.0,2,504.2,7902.419999999997
13092.0,185.45,16.0,16.0,1,185.45,292.38000000000005
13094.0,223.68,25.0,25.0,1,223.68,1703.6399999999996
13097.0,304.90000000000003,17.0,17.0,1,304.90000000000003,5705.519999999994
13102.0,673.9200000000001,22.0,17.0,2,336.96000000000004,5750.170000000005
13104.0,101.76,11.0,11.0,1,101.76,996.7199999999998
13113.0,372.96999999999997,23.0,23.0,1,372.96999999999997,11872.989999999998
13117.0,388.15,29.0,22.0,2,194.075,596.76
13124.0,1256.3200000000004,16.0,16.0,1,1256.3200000000004,2610.009999999999
13126.0,223.44,23.0,23.0,1,223.44,1876.1999999999991
13138.0,193.23000000000002,29.0,29.0,1,193.23000000000002,769.16
13140.0,159.51,23.0,23.0,1,159.51,264.21
13145.0,295.0,29.0,29.0,1,295.0,323.52000000000004
13148.0,309.4,21.0,21.0,1,309.4,3397.7199999999984
13155.0,379.69999999999993,25.0,25.0,1,379.69999999999993,592.0600000000001
13165.0,354.64,8.0,8.0,1,354.64,666.84
13173.0,165.94000000000003,24.0,24.0,1,165.94000000000003,187.71
13174.0,1415.9700000000003,26.0,26.0,1,1415.9700000000003,1401.06
13178.0,709.9999999999999,17.0,17.0,1,709.9999999999999,5015.470000000003
13198.0,384.54999999999995,18.0,18.0,1,384.54999999999995,3016.689999999999
13199.0,711.8000000000001,23.0,15.0,2,355.90000000000003,9105.319999999998
13209.0,318.84999999999997,18.0,18.0,1,318.84999999999997,5572.759999999999
13211.0,110.7,18.0,18.0,1,110.7,1086.7199999999998
13221.0,498.15999999999997,16.0,16.0,1,498.15999999999997,349.25
13225.0,1206.72,18.0,18.0,1,1206.72,5257.120000000001
13230.0,93.45,22.0,22.0,1,93.45,2713.5200000000004
13238.0,91.15,17.0,17.0,1,91.15,609.5799999999999
13240.0,224.07,22.0,22.0,1,224.07,439.58000000000004
13255.0,225.70000000000002,30.0,30.0,1,225.70000000000002,173.81
13267.0,622.3000000000001,23.0,17.0,2,311.15000000000003,3899.190000000003
13269.0,662.1700000000001,26.0,18.0,2,331.08500000000004,4684.06
13305.0,136.2,29.0,29.0,1,136.2,1864.6599999999992
13317.0,238.05,15.0,15.0,1,238.05,2035.63
13319.0,1551.0800000000002,22.0,11.0,2,775.5400000000001,9294.470000000001
13324.0,650.1,17.0,17.0,1,650.1,6471.8499999999985
13327.0,744.9999999999999,22.0,22.0,1,744.9999999999999,2882.7699999999995
13329.0,304.19999999999993,23.0,23.0,1,304.19999999999993,484.79999999999995
13402.0,308.28,29.0,29.0,1,308.28,312.94999999999993
13408.0,3031.2000000000003,30.0,15.0,4,757.8000000000001,25085.840000000007
13418.0,1579.62,29.0,16.0,3,526.54,4547.810000000001
13426.0,336.98,16.0,16.0,1,336.98,3304.3399999999983
13448.0,829.5400000000001,30.0,21.0,2,414.77000000000004,2709.83
13455.0,692.9399999999999,23.0,23.0,1,692.9399999999999,365.40000000000003
13458.0,1185.8600000000001,16.0,16.0,1,1185.8600000000001,8460.709999999994
13468.0,910.9999999999999,30.0,15.0,3,303.66666666666663,4793.969999999998
13487.0,193.15000000000003,10.0,10.0,1,193.15000000000003,382.24999999999994
13488.0,1381.9199999999998,24.0,24.0,1,1381.9199999999998,7586.3899999999985
13491.0,196.4,29.0,16.0,2,98.2,1019.4200000000001
13495.0,865.4300000000002,25.0,16.0,2,432.7150000000001,1179.44
13496.0,501.01000000000005,16.0,16.0,1,501.01000000000005,152.32
13497.0,153.50000000000003,25.0,25.0,1,153.50000000000003,194.55
13506.0,301.11999999999995,26.0,26.0,1,301.11999999999995,157.4
13520.0,303.4,28.0,28.0,1,303.4,3320.95
13523.0,566.9499999999999,23.0,23.0,1,566.9499999999999,3397.929999999999
13531.0,305.45,23.0,23.0,1,305.45,178.35000000000002
13534.0,283.20000000000005,15.0,15.0,1,283.20000000000005,5586.880000000007
13564.0,1198.3799999999999,25.0,11.0,2,599.1899999999999,550.64
13569.0,118.32000000000001,24.0,24.0,1,118.32000000000001,255.42999999999995
13576.0,349.15000000000003,30.0,30.0,1,349.15000000000003,6368.189999999999
13579.0,164.7,26.0,26.0,1,164.7,302.34000000000003
13599.0,352.84000000000003,23.0,23.0,1,352.84000000000003,4800.829999999999
13611.0,303.15,16.0,16.0,1,303.15,868.65
13627.0,311.19,14.0,14.0,1,311.19,1327.2800000000002
13649.0,197.8,23.0,23.0,1,197.8,148.8
13652.0,308.80000000000007,25.0,25.0,1,308.80000000000007,786.28
13668.0,177.66000000000003,19.0,19.0,1,177.66000000000003,6185.929999999989
13705.0,318.14,30.0,30.0,1,318.14,393.71999999999997
13715.0,496.6299999999998,29.0,19.0,2,248.3149999999999,582.71
13748.0,204.0,30.0,30.0,1,204.0,744.25
13756.0,1004.4000000000001,24.0,15.0,3,334.8,4185.119999999997
13758.0,718.85,30.0,23.0,2,359.425,2471.7
13767.0,2439.359999999999,30.0,15.0,6,406.5599999999999,14781.000000000011
13769.0,322.3,24.0,24.0,1,322.3,2474.210000000001
13787.0,106.39999999999999,21.0,21.0,1,106.39999999999999,202.64000000000004
13817.0,128.70000000000002,8.0,8.0,1,128.70000000000002,254.28
13831.0,408.0,26.0,26.0,1,408.0,1794.99
13838.0,238.10999999999993,26.0,26.0,1,238.10999999999993,453.6199999999997
13842.0,310.57000000000005,23.0,23.0,1,310.57000000000005,3075.05
13846.0,411.4000000000001,17.0,17.0,1,411.4000000000001,453.66
13848.0,320.0,23.0,23.0,1,320.0,935.0
13854.0,609.44,22.0,14.0,2,304.72,7500.079999999998
13869.0,323.62,14.0,14.0,1,323.62,2781.33
13880.0,97.8,24.0,24.0,1,97.8,3121.970000000002
13890.0,190.35,15.0,15.0,1,190.35,1693.4599999999998
13941.0,1095.1200000000001,29.0,29.0,1,1095.1200000000001,4017.8400000000006
13953.0,500.0,9.0,9.0,1,500.0,3015.68
13959.0,214.74,19.0,19.0,1,214.74,383.45999999999987
13963.0,151.29999999999998,24.0,24.0,1,151.29999999999998,513.2399999999999
13969.0,317.59000000000003,22.0,22.0,1,317.59000000000003,8736.349999999991
13982.0,428.59999999999997,22.0,22.0,1,428.59999999999997,1443.2099999999998
13983.0,329.35999999999996,23.0,23.0,1,329.35999999999996,2274.069999999999
13984.0,154.79999999999998,23.0,23.0,1,154.79999999999998,765.7100000000002
13999.0,302.1,18.0,18.0,1,302.1,3599.7100000000014
14001.0,301.24,30.0,30.0,1,301.24,1741.8400000000001
14016.0,753.7399999999998,14.0,14.0,1,753.7399999999998,3587.47
14030.0,676.5,23.0,23.0,1,676.5,1683.59
14031.0,2568.9500000000003,29.0,14.0,3,856.3166666666667,14717.909999999993
14032.0,619.42,23.0,12.0,2,309.71,2356.1699999999996
14037.0,111.80000000000003,21.0,21.0,1,111.80000000000003,35.400000000000006
14045.0,326.4,30.0,30.0,1,326.4,1333.35
14047.0,286.91999999999996,29.0,29.0,1,286.91999999999996,1021.6900000000002
14051.0,1828.1600000000003,23.0,11.0,3,609.3866666666668,13782.229999999987
14057.0,925.92,17.0,17.0,1,925.92,5292.040000000003
14060.0,874.0399999999998,29.0,16.0,3,291.34666666666664,5266.379999999998
14062.0,1444.12,21.0,11.0,2,722.06,9020.730000000005
14078.0,136.24,30.0,30.0,1,136.24,913.1300000000003
14081.0,423.51999999999987,26.0,26.0,1,423.51999999999987,510.9999999999998
14083.0,459.8899999999999,28.0,11.0,2,229.94499999999994,558.54
14085.0,1190.2399999999998,25.0,8.0,3,396.7466666666666,3258.2999999999997
14092.0,601.7300000000001,15.0,9.0,2,300.86500000000007,3475.180000000001
14099.0,383.5200000000001,11.0,11.0,1,383.5200000000001,2720.650000000001
14107.0,363.23999999999995,21.0,21.0,1,363.23999999999995,2339.990000000001
14113.0,433.5,11.0,11.0,1,433.5,1406.92
14135.0,947.0500000000004,29.0,10.0,3,315.68333333333345,3743.2599999999993
14146.0,1241.4299999999998,14.0,14.0,1,1241.4299999999998,2949.570000000001
14150.0,306.18,16.0,16.0,1,306.18,352.46
14159.0,193.21999999999997,19.0,19.0,1,193.21999999999997,4499.789999999996
14161.0,283.15,26.0,26.0,1,283.15,827.3700000000001
14176.0,159.55,24.0,24.0,1,159.55,417.35
14180.0,896.2500000000002,29.0,15.0,3,298.75000000000006,3852.2699999999977
14189.0,311.24,25.0,25.0,1,311.24,4342.839999999998
14201.0,67.24000000000001,16.0,16.0,1,67.24000000000001,680.1999999999999
14210.0,304.95,28.0,28.0,1,304.95,1600.8900000000008
14215.0,166.0,25.0,25.0,1,166.0,1623.72
14217.0,118.30000000000001,23.0,23.0,1,118.30000000000001,1886.6800000000005
14220.0,312.98,15.0,15.0,1,312.98,319.42
14236.0,189.3,29.0,29.0,1,189.3,301.55999999999995
14243.0,472.00000000000006,22.0,14.0,2,236.00000000000003,2116.77
14256.0,523.8599999999999,21.0,21.0,1,523.8599999999999,445.19999999999993
14282.0,571.0,24.0,24.0,1,571.0,3158.34
14290.0,777.5600000000002,18.0,18.0,1,777.5600000000002,1537.09
14293.0,364.92,25.0,25.0,1,364.92,681.64
14299.0,429.24,22.0,22.0,1,429.24,3536.3799999999987
14307.0,783.11,30.0,30.0,1,783.11,2212.6099999999997
14309.0,147.75,15.0,15.0,1,147.75,2204.7799999999997
14334.0,320.15,15.0,15.0,1,320.15,2232.0600000000004
14344.0,355.65,25.0,15.0,3,118.55,534.2799999999999
14388.0,312.8,29.0,29.0,1,312.8,2900.040000000001
14390.0,223.70000000000005,29.0,29.0,1,223.70000000000005,4429.12
14395.0,308.68,29.0,29.0,1,308.68,3199.030000000001
14396.0,110.35000000000004,28.0,28.0,1,110.35000000000004,377.64
14401.0,247.38000000000002,16.0,16.0,1,247.38000000000002,3804.099999999999
14404.0,133.48000000000002,26.0,26.0,1,133.48000000000002,1340.8400000000004
14409.0,328.80000000000007,25.0,25.0,1,328.80000000000007,1730.6499999999999
14414.0,217.2,15.0,15.0,1,217.2,1279.7800000000002
14415.0,875.1800000000001,17.0,17.0,1,875.1800000000001,5025.099999999995
14419.0,124.1,21.0,21.0,1,124.1,933.9599999999997
14440.0,656.7,22.0,22.0,1,656.7,1700.98
14443.0,303.50000000000006,25.0,25.0,1,303.50000000000006,1116.7
14448.0,102.35,21.0,21.0,1,102.35,273.0
14449.0,210.23999999999992,29.0,29.0,1,210.23999999999992,696.8599999999999
14466.0,379.75,29.0,29.0,1,379.75,1892.65
14472.0,279.88000000000005,12.0,12.0,1,279.88000000000005,1656.960000000001
14479.0,174.39999999999998,22.0,22.0,1,174.39999999999998,141.85000000000002
14487.0,125.10000000000001,25.0,25.0,1,125.10000000000001,1071.2299999999996
14491.0,127.2,29.0,29.0,1,127.2,213.73
14496.0,304.34,30.0,30.0,1,304.34,234.47
14498.0,166.22000000000003,18.0,18.0,1,166.22000000000003,1791.0999999999995
14505.0,1050.35,19.0,19.0,1,1050.35,4855.289999999992
14506.0,269.69999999999993,26.0,26.0,1,269.69999999999993,1742.4700000000016
14524.0,275.44999999999993,17.0,17.0,1,275.44999999999993,1592.2300000000005
14525.0,462.2999999999999,18.0,18.0,1,462.2999999999999,3869.8999999999987
14527.0,925.4900000000002,26.0,11.0,4,231.37250000000006,7583.329999999959
14532.0,222.60000000000002,9.0,9.0,1,222.60000000000002,710.25
14533.0,433.50000000000006,9.0,9.0,1,433.50000000000006,1516.2200000000005
14543.0,254.4,21.0,21.0,1,254.4,3375.930000000001
14544.0,1121.92,18.0,18.0,1,1121.92,902.5300000000002
14560.0,408.17,14.0,14.0,1,408.17,1829.6000000000006
14565.0,1167.4100000000003,18.0,18.0,1,1167.4100000000003,1931.7099999999996
14573.0,413.0999999999998,29.0,29.0,1,413.0999999999998,1240.3200000000006
14577.0,346.9,19.0,19.0,1,346.9,512.8099999999997
14594.0,254.99999999999994,30.0,30.0,1,254.99999999999994,124.83000000000001
14606.0,1246.660000000001,30.0,9.0,7,178.09428571428586,10909.990000000047
14608.0,204.0,19.0,19.0,1,204.0,1581.1499999999999
14621.0,305.7,15.0,15.0,1,305.7,1482.6599999999999
14625.0,585.53,18.0,18.0,1,585.53,314.1
14639.0,676.5399999999998,18.0,18.0,1,676.5399999999998,2307.950000000001
14643.0,357.94000000000005,15.0,15.0,1,357.94000000000005,335.87
14667.0,1998.1000000000013,25.0,17.0,4,499.5250000000003,7243.099999999995
14673.0,373.49,24.0,24.0,1,373.49,1362.9099999999999
14680.0,2875.3999999999996,28.0,17.0,2,1437.6999999999998,25878.71
14684.0,168.35999999999999,19.0,19.0,1,168.35999999999999,1067.9200000000003
14688.0,444.97999999999996,30.0,30.0,1,444.97999999999996,5185.889999999995
14696.0,294.62,30.0,30.0,1,294.62,1784.3300000000004
14702.0,318.7,22.0,22.0,1,318.7,2973.440000000001
14708.0,419.0600000000001,25.0,25.0,1,419.0600000000001,707.3100000000001
14709.0,314.1,15.0,15.0,1,314.1,4606.940000000004
14713.0,425.85,22.0,15.0,2,212.925,2240.510000000002
14723.0,470.9999999999997,28.0,15.0,2,235.49999999999986,687.2999999999993
14735.0,252.2,15.0,15.0,1,252.2,5813.490000000002
14737.0,434.0,10.0,10.0,1,434.0,730.5500000000001
14739.0,713.8800000000001,24.0,24.0,1,713.8800000000001,3188.4
14741.0,495.29999999999995,29.0,18.0,2,247.64999999999998,905.0399999999998
14744.0,225.0,23.0,23.0,1,225.0,874.9800000000002
14748.0,470.4199999999999,25.0,25.0,1,470.4199999999999,945.3299999999998
14766.0,180.39999999999998,23.0,23.0,1,180.39999999999998,2292.9700000000007
14769.0,347.01,14.0,14.0,1,347.01,10327.740000000013
14775.0,406.56,29.0,29.0,1,406.56,605.3399999999999
14796.0,1028.8199999999997,23.0,18.0,2,514.4099999999999,6993.669999999989
14800.0,1219.85,26.0,19.0,2,609.925,3119.8899999999976
14810.0,180.44,26.0,26.0,1,180.44,1907.4400000000005
14825.0,396.42999999999995,25.0,15.0,2,198.21499999999997,1830.4799999999989
14829.0,385.3300000000001,29.0,17.0,2,192.66500000000005,312.22
14841.0,395.15999999999997,15.0,15.0,1,395.15999999999997,2900.6000000000004
14849.0,566.8899999999998,30.0,15.0,2,283.4449999999999,7363.649999999999
14865.0,37.2,29.0,29.0,1,37.2,15.0
14866.0,103.67999999999999,23.0,23.0,1,103.67999999999999,14286.219999999998
14871.0,140.40000000000003,17.0,17.0,1,140.40000000000003,381.9799999999998
14878.0,322.01,15.0,15.0,1,322.01,1163.5300000000007
14896.0,257.21999999999997,22.0,22.0,1,257.21999999999997,211.55000000000004
14898.0,98.50000000000001,28.0,28.0,1,98.50000000000001,1205.02
14901.0,497.04999999999995,29.0,17.0,3,165.6833333333333,924.2400000000002
14907.0,960.6900000000002,24.0,17.0,2,480.3450000000001,2540.4100000000003
14913.0,300.87,16.0,16.0,1,300.87,926.5600000000002
14952.0,686.16,21.0,21.0,1,686.16,7413.329999999995
14961.0,1182.7,17.0,17.0,1,1182.7,5861.979999999999
14985.0,124.51000000000002,15.0,15.0,1,124.51000000000002,172.23999999999998
14987.0,163.2,22.0,22.0,1,163.2,163.2
15002.0,631.6500000000001,24.0,24.0,1,631.6500000000001,1010.1099999999999
15005.0,470.4100000000001,23.0,16.0,2,235.20500000000004,5846.159999999993
15012.0,191.05999999999997,30.0,30.0,1,191.05999999999997,231.98
15018.0,111.25000000000001,24.0,24.0,1,111.25000000000001,384.96
15021.0,205.64000000000001,23.0,23.0,1,205.64000000000001,1709.1800000000035
15023.0,460.5999999999999,26.0,26.0,1,460.5999999999999,6342.159999999999
15024.0,491.2199999999999,24.0,24.0,1,491.2199999999999,1170.11
15028.0,185.97000000000003,25.0,25.0,1,185.97000000000003,441.16
15032.0,2770.6000000000004,23.0,23.0,1,2770.6000000000004,2188.5
15034.0,842.9000000000003,10.0,10.0,1,842.9000000000003,3465.7099999999978
15038.0,126.43,26.0,26.0,1,126.43,579.06
15039.0,1317.7600000000007,25.0,17.0,2,658.8800000000003,18596.680000000004
15044.0,2139.1500000000005,19.0,9.0,3,713.0500000000002,5561.080000000004
15048.0,98.7,25.0,25.0,1,98.7,285.34999999999985
15062.0,209.08,16.0,16.0,1,209.08,778.7800000000001
15078.0,818.6500000000002,25.0,11.0,2,409.3250000000001,8924.460000000008
15079.0,141.95,22.0,22.0,1,141.95,753.6599999999999
15081.0,111.15,24.0,24.0,1,111.15,393.64999999999986
15093.0,623.73,29.0,29.0,1,623.73,3973.289999999999
15100.0,700.8,30.0,23.0,2,350.4,175.2
15101.0,102.28,16.0,16.0,1,102.28,215.24999999999997
15107.0,177.05,29.0,17.0,2,88.525,142.45
15111.0,288.5,29.0,29.0,1,288.5,1278.9799999999998
15157.0,1085.46,15.0,15.0,1,1085.46,850.61
15159.0,1860.98,18.0,18.0,1,1860.98,16780.029999999988
15192.0,315.0,22.0,22.0,1,315.0,729.3200000000002
15194.0,1558.9900000000002,25.0,15.0,3,519.6633333333334,6057.54
15197.0,556.5,15.0,15.0,1,556.5,523.1099999999999
15208.0,65.4,10.0,10.0,1,65.4,804.72
15211.0,383.07,22.0,22.0,1,383.07,511.34
15235.0,694.6400000000001,30.0,8.0,3,231.5466666666667,1552.8700000000001
15246.0,186.0,15.0,15.0,1,186.0,328.15000000000003
15260.0,420.4999999999999,29.0,29.0,1,420.4999999999999,1390.27
15271.0,111.75,22.0,22.0,1,111.75,2395.32
15288.0,165.65,22.0,22.0,1,165.65,2140.8699999999994
15290.0,219.6,16.0,16.0,1,219.6,7723.620000000001
15291.0,648.9,30.0,14.0,2,324.45,4019.400000000001
15298.0,397.5999999999999,23.0,23.0,1,397.5999999999999,4402.3
15299.0,1835.01,29.0,29.0,1,1835.01,2672.0
15301.0,673.3700000000003,25.0,25.0,1,673.3700000000003,4396.979999999999
15304.0,123.15,25.0,25.0,1,123.15,571.25
15312.0,289.74,11.0,11.0,1,289.74,635.1100000000001
15351.0,274.66999999999985,26.0,26.0,1,274.66999999999985,1685.4400000000019
15353.0,311.65,24.0,24.0,1,311.65,465.36999999999983
15356.0,365.5399999999998,25.0,17.0,2,182.7699999999999,2400.960000000004
15358.0,624.5500000000001,22.0,22.0,1,624.5500000000001,7722.649999999991
15366.0,105.54,15.0,15.0,1,105.54,496.97
15373.0,537.1000000000001,28.0,16.0,2,268.55000000000007,1878.810000000001
15379.0,1491.46,15.0,15.0,1,1491.46,2211.8300000000004
15380.0,230.10000000000002,22.0,22.0,1,230.10000000000002,1460.1600000000003
15384.0,303.57,16.0,16.0,1,303.57,338.8399999999999
15392.0,338.97999999999996,17.0,17.0,1,338.97999999999996,1196.5500000000004
15394.0,587.66,15.0,15.0,1,587.66,1595.8799999999994
15426.0,411.4199999999999,26.0,26.0,1,411.4199999999999,1035.9699999999996
15456.0,243.22000000000006,16.0,16.0,1,243.22000000000006,204.00000000000003
15465.0,867.8500000000001,26.0,16.0,2,433.92500000000007,6486.77
15482.0,723.64,15.0,15.0,1,723.64,10331.319999999998
15485.0,950.09,30.0,30.0,1,950.09,1624.9099999999996
15498.0,976.7199999999998,23.0,23.0,1,976.7199999999998,12339.679999999991
15502.0,929.3999999999999,26.0,25.0,2,464.69999999999993,9455.529999999999
15512.0,101.19999999999999,16.0,16.0,1,101.19999999999999,19.799999999999997
15513.0,1313.5,30.0,22.0,2,656.75,13444.720000000003
15514.0,1884.7100000000005,21.0,17.0,2,942.3550000000002,2254.7500000000005
15525.0,313.92999999999995,30.0,30.0,1,313.92999999999995,511.98999999999967
15527.0,221.39999999999998,11.0,11.0,1,221.39999999999998,2208.3799999999997
15529.0,321.46000000000004,23.0,21.0,2,160.73000000000002,3673.7699999999986
15532.0,356.3500000000001,15.0,15.0,1,356.3500000000001,1224.580000000001
15544.0,354.53999999999996,29.0,29.0,1,354.53999999999996,3192.1699999999973
15545.0,135.33,28.0,28.0,1,135.33,157.39000000000001
15547.0,767.3700000000001,19.0,19.0,1,767.3700000000001,4187.469999999992
15555.0,989.82,26.0,18.0,3,329.94,3815.3499999999976
15563.0,270.19000000000005,15.0,15.0,1,270.19000000000005,1130.2499999999998
15570.0,1064.6399999999999,26.0,14.0,3,354.87999999999994,3100.8799999999983
15574.0,590.1499999999999,29.0,15.0,2,295.07499999999993,112.1
15581.0,325.96,23.0,10.0,3,108.65333333333332,3354.009999999998
15587.0,344.88,8.0,8.0,1,344.88,568.8000000000001
15596.0,402.31999999999994,22.0,22.0,1,402.31999999999994,1004.27
15601.0,1236.449999999999,29.0,15.0,2,618.2249999999995,5540.110000000001
15602.0,152.55,25.0,17.0,2,76.275,1145.3200000000002
15605.0,194.85,30.0,30.0,1,194.85,1003.3800000000001
15615.0,1081.1900000000003,16.0,16.0,1,1081.1900000000003,9318.55
15620.0,424.4899999999999,15.0,15.0,1,424.4899999999999,1128.69
15628.0,319.18,23.0,23.0,1,319.18,2551.06
15640.0,2766.69,29.0,12.0,3,922.23,9748.969999999996
15641.0,308.37000000000006,16.0,16.0,1,308.37000000000006,1578.8300000000004
15646.0,189.8,29.0,29.0,1,189.8,257.84000000000003
15649.0,510.0,24.0,24.0,1,510.0,306.0
15658.0,306.20000000000005,29.0,29.0,1,306.20000000000005,717.8999999999997
15660.0,209.3,22.0,22.0,1,209.3,1391.5599999999997
15680.0,478.88999999999993,23.0,23.0,1,478.88999999999993,854.79
15689.0,103.5,18.0,18.0,1,103.5,150.6
15694.0,847.33,29.0,17.0,3,282.4433333333333,5632.07
15708.0,350.67999999999995,26.0,26.0,1,350.67999999999995,3013.5599999999995
15713.0,171.15,23.0,23.0,1,171.15,185.55
15716.0,547.0999999999998,26.0,26.0,1,547.0999999999998,571.7100000000002
15727.0,1536.8500000000001,16.0,16.0,1,1536.8500000000001,3642.11
15732.0,138.1,29.0,29.0,1,138.1,156.02
15738.0,329.65,29.0,29.0,1,329.65,4482.7699999999995
15750.0,340.5199999999999,23.0,23.0,1,340.5199999999999,2124.9599999999996
15752.0,259.65,29.0,29.0,1,259.65,2377.730000000003
15759.0,97.24000000000001,15.0,15.0,1,97.24000000000001,155.8
15769.0,91.8,28.0,28.0,1,91.8,56160.92000000001
15777.0,365.55,18.0,18.0,1,365.55,681.56
15780.0,177.15,14.0,14.0,1,177.15,298.13000000000005
15805.0,370.80000000000007,21.0,21.0,1,370.80000000000007,5157.679999999998
15808.0,2249.85,26.0,18.0,2,1124.925,1485.1200000000008
15811.0,438.8,22.0,14.0,2,219.4,1779.8199999999995
15822.0,440.20000000000005,16.0,16.0,1,440.20000000000005,445.2700000000001
15827.0,190.93000000000004,29.0,29.0,1,190.93000000000004,1645.1600000000008
15838.0,957.5,24.0,24.0,1,957.5,32685.58000000001
15854.0,230.10000000000005,18.0,18.0,1,230.10000000000005,2744.5499999999993
15856.0,3281.3099999999986,22.0,8.0,3,1093.7699999999995,13106.259999999997
15858.0,383.93,24.0,24.0,1,383.93,1054.9199999999998
15860.0,102.66,25.0,25.0,1,102.66,874.5499999999996
15862.0,354.2300000000001,30.0,30.0,1,354.2300000000001,478.6499999999999
15867.0,557.2199999999999,26.0,11.0,3,185.73999999999998,3255.4200000000033
15881.0,155.25,21.0,18.0,2,77.625,346.14
15882.0,371.32000000000005,25.0,25.0,1,371.32000000000005,145.04000000000002
15889.0,297.91999999999996,26.0,26.0,1,297.91999999999996,148.95000000000002
15894.0,156.74000000000004,26.0,26.0,1,156.74000000000004,106.81
15898.0,521.6899999999998,25.0,24.0,2,260.8449999999999,867.1899999999999
15916.0,232.45,23.0,23.0,1,232.45,1295.64
15919.0,270.71999999999986,25.0,25.0,1,270.71999999999986,369.1699999999997
15950.0,428.82,16.0,16.0,1,428.82,1336.6899999999996
15953.0,209.83999999999997,26.0,26.0,1,209.83999999999997,1449.5400000000002
15955.0,572.3799999999999,29.0,29.0,1,572.3799999999999,3843.8800000000024
15965.0,156.19,24.0,24.0,1,156.19,689.4499999999997
15983.0,1148.2700000000004,30.0,17.0,3,382.75666666666683,326.75000000000006
15984.0,122.7,25.0,25.0,1,122.7,2714.9699999999993
15987.0,113.48,25.0,25.0,1,113.48,1337.8000000000004
15996.0,263.24999999999994,23.0,23.0,1,263.24999999999994,797.4299999999995
15998.0,863.39,19.0,19.0,1,863.39,2226.579999999999
16003.0,1181.0000000000002,16.0,16.0,1,1181.0000000000002,1554.37
16010.0,110.1,19.0,19.0,1,110.1,297.4
16011.0,406.1000000000001,23.0,19.0,2,203.05000000000004,2956.6099999999997
16013.0,2973.0,28.0,14.0,3,991.0,34157.600000000006
16016.0,382.2699999999999,23.0,23.0,1,382.2699999999999,1126.4899999999998
16019.0,219.10000000000002,21.0,21.0,1,219.10000000000002,3567.139999999999
16033.0,309.69,26.0,17.0,2,154.845,8506.709999999977
16037.0,300.46000000000004,15.0,15.0,1,300.46000000000004,554.5600000000001
16059.0,118.24999999999999,24.0,24.0,1,118.24999999999999,1341.6100000000008
16062.0,247.56,21.0,21.0,1,247.56,906.0600000000002
16081.0,157.6,23.0,23.0,1,157.6,2649.3000000000025
16083.0,337.98,17.0,17.0,1,337.98,979.64
16086.0,177.26,24.0,24.0,1,177.26,944.13
16098.0,430.6,30.0,30.0,1,430.6,1575.0300000000002
16122.0,105.72,23.0,23.0,1,105.72,578.7
16134.0,283.53000000000003,16.0,16.0,1,283.53000000000003,334.55999999999995
16140.0,124.14000000000001,28.0,28.0,1,124.14000000000001,601.0400000000001
16143.0,811.3500000000004,26.0,11.0,2,405.6750000000002,1613.59
16145.0,302.78,16.0,16.0,1,302.78,3496.709999999996
16150.0,393.42,29.0,29.0,1,393.42,1659.6
16153.0,215.01,11.0,11.0,1,215.01,1609.22
16161.0,576.2999999999997,25.0,16.0,3,192.0999999999999,4999.260000000005
16163.0,441.6,22.0,22.0,1,441.6,415.00000000000006
16168.0,275.79999999999995,26.0,26.0,1,275.79999999999995,3511.8000000000015
16186.0,307.67999999999995,29.0,29.0,1,307.67999999999995,3699.2600000000016
16191.0,627.5999999999999,17.0,17.0,1,627.5999999999999,4552.919999999999
16203.0,170.7,29.0,29.0,1,170.7,422.20000000000005
16218.0,471.29999999999995,30.0,30.0,1,471.29999999999995,2613.3799999999997
16221.0,166.74,24.0,24.0,1,166.74,698.12
16233.0,147.39999999999998,23.0,23.0,1,147.39999999999998,389.2799999999999
16241.0,277.65,26.0,26.0,1,277.65,2330.22
16244.0,1056.6299999999999,29.0,29.0,1,1056.6299999999999,466.11999999999995
16250.0,226.13999999999996,30.0,30.0,1,226.13999999999996,163.29999999999998
16255.0,374.25,22.0,22.0,1,374.25,2245.6600000000008
16265.0,840.81,21.0,21.0,1,840.81,4606.190000000001
16271.0,133.21999999999997,15.0,15.0,1,133.21999999999997,1296.0199999999993
16293.0,378.75000000000006,24.0,24.0,1,378.75000000000006,1870.24
16306.0,68.1,24.0,24.0,1,68.1,564.1700000000001
16316.0,308.21999999999997,15.0,15.0,1,308.21999999999997,2630.6899999999996
16327.0,535.5999999999999,26.0,26.0,1,535.5999999999999,3308.6199999999985
16353.0,510.0,26.0,11.0,4,127.5,6165.710000000002
16365.0,368.46,24.0,16.0,2,184.23,1171.96
16367.0,170.91000000000003,19.0,19.0,1,170.91000000000003,633.58
16385.0,148.23,23.0,23.0,1,148.23,407.65999999999997
16393.0,291.54999999999995,26.0,19.0,2,145.77499999999998,2754.6600000000017
16402.0,211.79999999999998,26.0,26.0,1,211.79999999999998,87.8
16411.0,131.5,26.0,26.0,1,131.5,83.14999999999999
16422.0,2025.3200000000002,26.0,11.0,3,675.1066666666667,32659.07999999999
16442.0,151.66000000000003,17.0,17.0,1,151.66000000000003,465.12999999999965
16455.0,531.9799999999999,28.0,18.0,2,265.98999999999995,1309.2000000000003
16456.0,787.4,30.0,30.0,1,787.4,1370.9700000000003
16458.0,193.90000000000003,17.0,17.0,1,193.90000000000003,3288.840000000002
16470.0,216.33999999999997,15.0,15.0,1,216.33999999999997,546.0499999999998
16477.0,544.4000000000001,28.0,9.0,2,272.20000000000005,1950.06
16503.0,488.09,17.0,17.0,1,488.09,943.84
16519.0,103.7,22.0,22.0,1,103.7,111.38
16520.0,325.76000000000005,22.0,22.0,1,325.76000000000005,720.81
16525.0,802.44,23.0,15.0,2,401.22,12225.010000000006
16531.0,92.82000000000001,17.0,17.0,1,92.82000000000001,1151.7700000000004
16539.0,747.25,30.0,15.0,2,373.625,641.56
16546.0,299.4,29.0,29.0,1,299.4,487.75000000000006
16550.0,554.66,25.0,25.0,1,554.66,1744.3099999999995
16552.0,95.28999999999999,30.0,30.0,1,95.28999999999999,284.44
16553.0,1609.44,17.0,17.0,1,1609.44,4110.380000000001
16556.0,310.84999999999997,17.0,17.0,1,310.84999999999997,3002.9400000000005
16558.0,880.55,23.0,14.0,2,440.275,7457.940000000001
16560.0,332.17999999999995,15.0,15.0,1,332.17999999999995,509.22999999999996
16596.0,120.65,23.0,23.0,1,120.65,129.5
16607.0,654.8199999999999,15.0,14.0,2,327.40999999999997,2692.89
16634.0,164.8,29.0,29.0,1,164.8,53.1
16638.0,70.80000000000001,25.0,16.0,2,35.400000000000006,1609.92
16654.0,227.4,25.0,25.0,1,227.4,373.86999999999995
16656.0,428.76,21.0,21.0,1,428.76,8197.04
16670.0,403.61,15.0,15.0,1,403.61,3692.29
16686.0,364.97999999999996,12.0,12.0,1,364.97999999999996,2697.850000000002
16700.0,336.93999999999994,23.0,23.0,1,336.93999999999994,4739.610000000001
16701.0,476.76,18.0,18.0,1,476.76,4921.540000000001
16705.0,1131.7200000000003,15.0,15.0,1,1131.7200000000003,12903.269999999999
16710.0,524.9700000000001,25.0,17.0,2,262.48500000000007,1958.070000000001
16711.0,214.20000000000002,14.0,14.0,1,214.20000000000002,1436.83
16713.0,758.54,23.0,11.0,2,379.27,6164.59
16717.0,307.25,23.0,23.0,1,307.25,3551.1299999999987
16719.0,430.72999999999996,25.0,25.0,1,430.72999999999996,1359.69
16722.0,799.5199999999999,25.0,23.0,2,399.75999999999993,3931.29
16725.0,327.19999999999993,28.0,16.0,2,163.59999999999997,453.8199999999998
16726.0,129.57000000000002,18.0,18.0,1,129.57000000000002,1252.45
16743.0,430.2799999999999,15.0,15.0,1,430.2799999999999,1807.810000000001
16746.0,311.64,15.0,15.0,1,311.64,6386.019999999999
16770.0,262.2,29.0,15.0,2,131.1,507.8999999999998
16775.0,231.9,24.0,24.0,1,231.9,1463.7600000000016
16779.0,687.8299999999999,23.0,19.0,2,343.91499999999996,9941.889999999998
16782.0,577.9899999999997,22.0,16.0,2,288.99499999999983,1701.9100000000005
16805.0,214.76999999999998,17.0,17.0,1,214.76999999999998,245.82000000000002
16814.0,273.28999999999996,26.0,26.0,1,273.28999999999996,6235.809999999999
16816.0,75.78,15.0,15.0,1,75.78,341.28
16817.0,367.29999999999995,25.0,16.0,2,183.64999999999998,1237.4499999999996
16835.0,81.75,30.0,30.0,1,81.75,99.10000000000001
16839.0,552.24,26.0,26.0,1,552.24,16042.109999999986
16863.0,164.25,23.0,23.0,1,164.25,338.55
16873.0,2157.6400000000003,21.0,21.0,1,2157.6400000000003,4965.98
16883.0,128.03000000000003,28.0,28.0,1,128.03000000000003,148.70000000000002
16885.0,190.64999999999995,14.0,14.0,1,190.64999999999995,280.86
16891.0,232.25999999999988,28.0,28.0,1,232.25999999999988,577.4399999999997
16898.0,116.08000000000003,25.0,25.0,1,116.08000000000003,392.72999999999985
16899.0,170.55,17.0,17.0,1,170.55,1111.0100000000002
16904.0,338.69999999999993,24.0,24.0,1,338.69999999999993,3415.5699999999947
16905.0,254.4,28.0,28.0,1,254.4,2848.03
16907.0,182.01999999999992,22.0,22.0,1,182.01999999999992,799.6300000000005
16916.0,198.07999999999998,29.0,29.0,1,198.07999999999998,378.18000000000006
16919.0,540.0099999999998,25.0,17.0,2,270.0049999999999,2056.4400000000005
16923.0,550.4999999999999,19.0,19.0,1,550.4999999999999,6697.109999999992
16927.0,218.1,18.0,18.0,1,218.1,324.95
16928.0,116.25,30.0,30.0,1,116.25,2731.35
16931.0,364.6599999999998,26.0,14.0,2,182.3299999999999,4239.559999999992
16945.0,279.85,15.0,15.0,1,279.85,4065.650000000002
16950.0,172.0,24.0,24.0,1,172.0,1006.5599999999998
16954.0,346.79999999999995,16.0,16.0,1,346.79999999999995,1738.2800000000002
16955.0,189.10000000000002,30.0,25.0,2,94.55000000000001,329.57000000000005
16983.0,163.49,26.0,26.0,1,163.49,1767.7599999999993
16985.0,933.3200000000002,15.0,15.0,1,933.3200000000002,4530.800000000002
16996.0,127.54000000000002,10.0,10.0,1,127.54000000000002,1329.42
17001.0,397.96,15.0,15.0,1,397.96,3591.609999999999
17007.0,207.12000000000003,14.0,14.0,1,207.12000000000003,682.8100000000002
17017.0,2357.6399999999994,29.0,17.0,4,589.4099999999999,6336.62
17019.0,358.8199999999999,25.0,25.0,1,358.8199999999999,913.7899999999998
17025.0,160.97000000000003,30.0,30.0,1,160.97000000000003,196.8
17026.0,33.15,26.0,26.0,1,33.15,121.67999999999999
17033.0,307.79999999999995,16.0,16.0,1,307.79999999999995,722.34
17041.0,304.49999999999994,17.0,17.0,1,304.49999999999994,777.07
17059.0,722.3599999999996,26.0,26.0,1,722.3599999999996,2372.680000000003
17062.0,435.7300000000001,26.0,15.0,3,145.24333333333337,102.64000000000003
17068.0,297.44999999999993,25.0,15.0,2,148.72499999999997,4254.690000000003
17069.0,583.2,30.0,11.0,2,291.6,2126.5
17076.0,151.5,21.0,21.0,1,151.5,689.5799999999999
17085.0,740.44,19.0,11.0,2,370.22,826.2099999999998
17090.0,61.199999999999996,11.0,11.0,1,61.199999999999996,1982.7500000000005
17091.0,293.45,24.0,24.0,1,293.45,3534.3100000000036
17097.0,174.72000000000003,22.0,22.0,1,174.72000000000003,779.6999999999998
17126.0,212.60000000000005,19.0,19.0,1,212.60000000000005,792.15
17135.0,215.57999999999998,28.0,28.0,1,215.57999999999998,924.1500000000001
17146.0,298.25,15.0,15.0,1,298.25,451.5300000000001
17158.0,413.7899999999999,17.0,17.0,1,413.7899999999999,853.1800000000001
17179.0,243.00000000000003,18.0,18.0,1,243.00000000000003,468.7900000000001
17181.0,155.52,30.0,30.0,1,155.52,84.40000000000002
17188.0,513.64,19.0,19.0,1,513.64,1960.5900000000004
17189.0,227.21999999999994,16.0,16.0,1,227.21999999999994,157.18000000000004
17191.0,510.11,25.0,25.0,1,510.11,1585.0200000000011
17194.0,252.6199999999999,17.0,17.0,1,252.6199999999999,10.0
17198.0,521.6600000000001,28.0,22.0,2,260.83000000000004,170.56
17211.0,779.71,26.0,10.0,3,259.90333333333336,1537.5100000000007
17213.0,615.8499999999999,23.0,10.0,2,307.92499999999995,2165.3799999999997
17214.0,171.05,16.0,16.0,1,171.05,898.0699999999998
17218.0,606.2799999999999,25.0,12.0,3,202.09333333333328,1354.4400000000005
17220.0,317.50000000000006,21.0,21.0,1,317.50000000000006,2880.75
17223.0,292.8399999999999,25.0,25.0,1,292.8399999999999,133.95
17227.0,142.24999999999997,25.0,25.0,1,142.24999999999997,797.0700000000002
17228.0,355.95,29.0,24.0,2,177.975,1550.1399999999994
17230.0,2760.01,16.0,11.0,2,1380.005,878.3999999999997
17231.0,232.01000000000002,18.0,18.0,1,232.01000000000002,2942.3100000000013
17235.0,341.9,29.0,29.0,1,341.9,208.16
17236.0,126.28,19.0,19.0,1,126.28,789.8499999999999
17238.0,370.0899999999998,28.0,28.0,1,370.0899999999998,3374.560000000003
17243.0,855.0500000000001,26.0,12.0,3,285.0166666666667,7821.799999999995
17259.0,381.63999999999976,25.0,25.0,1,381.63999999999976,221.72999999999993
17262.0,268.86,23.0,23.0,1,268.86,984.5000000000001
17287.0,222.70000000000002,29.0,24.0,2,111.35000000000001,841.4100000000001
17288.0,133.56,15.0,15.0,1,133.56,1286.1700000000003
17293.0,346.14,18.0,18.0,1,346.14,1528.9700000000005
17306.0,324.0,10.0,10.0,1,324.0,8307.310000000003
17315.0,108.92000000000002,14.0,14.0,1,108.92000000000002,6183.339999999989
17320.0,450.92,25.0,25.0,1,450.92,749.7000000000002
17324.0,127.05000000000001,23.0,23.0,1,127.05000000000001,863.18
17338.0,767.6000000000001,18.0,18.0,1,767.6000000000001,5876.329999999997
17339.0,60.0,22.0,22.0,1,60.0,183.36
17341.0,513.5999999999999,23.0,23.0,1,513.5999999999999,267.76000000000005
17346.0,247.84,30.0,16.0,2,123.92,2428.7200000000043
17358.0,246.69999999999993,12.0,12.0,1,246.69999999999993,119.15
17371.0,97.63,18.0,18.0,1,97.63,326.2599999999999
17372.0,370.78,19.0,17.0,2,185.39,971.8999999999994
17375.0,109.71000000000001,18.0,18.0,1,109.71000000000001,290.39
17377.0,785.0799999999998,30.0,14.0,3,261.69333333333327,3315.839999999999
17381.0,3603.7200000000003,29.0,25.0,2,1801.8600000000001,16671.889999999996
17392.0,312.4099999999999,15.0,15.0,1,312.4099999999999,145.5
17396.0,397.5,28.0,28.0,1,397.5,6933.299999999999
17400.0,424.17,10.0,10.0,1,424.17,1705.79
17402.0,459.96999999999997,26.0,26.0,1,459.96999999999997,2173.88
17406.0,702.0999999999999,23.0,23.0,1,702.0999999999999,1498.3200000000004
17412.0,447.7600000000001,29.0,15.0,2,223.88000000000005,810.3
17419.0,374.27,24.0,24.0,1,374.27,3852.2999999999993
17420.0,130.85,30.0,30.0,1,130.85,467.98
17428.0,893.9499999999998,25.0,18.0,2,446.9749999999999,16362.899999999994
17430.0,112.6,22.0,22.0,1,112.6,153.16000000000003
17449.0,684.2600000000004,16.0,16.0,1,684.2600000000004,1836.6000000000008
17454.0,165.85000000000002,16.0,16.0,1,165.85000000000002,351.68
17460.0,70.30000000000001,30.0,29.0,2,35.150000000000006,552.13
17470.0,178.4,24.0,24.0,1,178.4,946.6700000000004
17491.0,327.4,24.0,24.0,1,327.4,3231.4699999999993
17519.0,335.29999999999995,25.0,25.0,1,335.29999999999995,1508.7200000000005
17526.0,238.59999999999997,22.0,17.0,2,119.29999999999998,957.3
17530.0,300.64000000000004,22.0,22.0,1,300.64000000000004,2084.360000000001
17552.0,298.52000000000004,29.0,29.0,1,298.52000000000004,631.8900000000001
17567.0,517.95,29.0,29.0,1,517.95,3813.5300000000007
17572.0,70.80000000000001,30.0,30.0,1,70.80000000000001,155.95000000000002
17576.0,297.0000000000001,22.0,18.0,2,148.50000000000006,3325.6799999999976
17580.0,46.85,15.0,15.0,1,46.85,168.86999999999998
17581.0,786.7799999999999,29.0,29.0,1,786.7799999999999,10258.259999999993
17591.0,406.5999999999999,24.0,24.0,1,406.5999999999999,1819.3700000000001
17593.0,662.9000000000001,9.0,9.0,1,662.9000000000001,3264.4399999999996
17596.0,392.61999999999995,25.0,25.0,1,392.61999999999995,2435.310000000002
17611.0,244.18999999999994,18.0,18.0,1,244.18999999999994,3740.0300000000007
17616.0,326.4,24.0,24.0,1,326.4,244.79999999999998
17618.0,320.2799999999999,19.0,19.0,1,320.2799999999999,651.3
17621.0,239.39999999999998,11.0,11.0,1,239.39999999999998,1140.5
17629.0,238.65000000000003,16.0,16.0,1,238.65000000000003,1575.4700000000012
17646.0,251.00000000000003,22.0,22.0,1,251.00000000000003,757.39
17655.0,676.1000000000001,23.0,23.0,1,676.1000000000001,1962.8400000000001
17659.0,359.94999999999993,29.0,15.0,2,179.97499999999997,2639.51
17671.0,394.18,22.0,22.0,1,394.18,1178.5300000000002
17674.0,300.65999999999997,25.0,25.0,1,300.65999999999997,250.37999999999997
17675.0,1019.1200000000001,24.0,21.0,2,509.56000000000006,19355.159999999985
17676.0,300.7,23.0,23.0,1,300.7,1086.9800000000002
17677.0,1616.6000000000004,25.0,23.0,2,808.3000000000002,14746.630000000006
17682.0,391.5,25.0,25.0,1,391.5,2082.83
17685.0,463.02,29.0,17.0,2,231.51,2728.51
17690.0,687.9000000000001,30.0,21.0,3,229.30000000000004,4070.05
17692.0,343.26,16.0,16.0,1,343.26,397.67999999999995
17696.0,175.6,21.0,21.0,1,175.6,2110.11
17706.0,477.83000000000004,23.0,23.0,1,477.83000000000004,10026.660000000002
17720.0,102.0,24.0,24.0,1,102.0,1093.9400000000003
17722.0,910.1400000000004,23.0,23.0,1,910.1400000000004,1513.9
17735.0,454.5999999999999,24.0,24.0,1,454.5999999999999,12655.41999999999
17739.0,360.06,17.0,17.0,1,360.06,2431.2900000000004
17744.0,377.52,15.0,15.0,1,377.52,1944.8799999999997
17757.0,565.7999999999998,29.0,17.0,4,141.44999999999996,5039.489999999989
17760.0,172.54,30.0,30.0,1,172.54,115.05
17787.0,736.2800000000002,28.0,28.0,1,736.2800000000002,1128.9099999999996
17790.0,399.54999999999995,21.0,14.0,3,133.1833333333333,1565.9999999999998
17796.0,114.65,26.0,26.0,1,114.65,583.2499999999999
17799.0,223.48000000000002,18.0,18.0,1,223.48000000000002,2832.4499999999994
17802.0,100.19999999999999,29.0,29.0,1,100.19999999999999,1184.8400000000004
17809.0,1251.5,30.0,28.0,2,625.75,4160.410000000001
17812.0,217.54999999999998,25.0,25.0,1,217.54999999999998,514.6099999999997
17816.0,16.209999999999997,22.0,22.0,1,16.209999999999997,20.349999999999998
17819.0,980.1200000000001,28.0,19.0,2,490.06000000000006,2724.75
17827.0,1271.8,21.0,21.0,1,1271.8,723.6600000000001
17838.0,935.56,29.0,22.0,2,467.78,1843.7400000000007
17841.0,2473.07,30.0,12.0,6,412.17833333333334,38518.50000000003
17848.0,97.3,15.0,15.0,1,97.3,803.8999999999999
17857.0,1340.7,22.0,15.0,2,670.35,25538.339999999997
17858.0,1556.8500000000001,26.0,16.0,2,778.4250000000001,3598.809999999999
17863.0,384.71999999999997,26.0,26.0,1,384.71999999999997,2775.2799999999997
17865.0,1079.8299999999997,21.0,14.0,2,539.9149999999998,9446.489999999996
17869.0,214.31999999999996,25.0,25.0,1,214.31999999999996,213.85999999999999
17870.0,326.4,23.0,23.0,1,326.4,1567.950000000001
17873.0,215.15,30.0,30.0,1,215.15,1644.0100000000004
17884.0,324.61999999999995,28.0,25.0,2,162.30999999999997,392.83
17888.0,29.43,14.0,14.0,1,29.43,696.6200000000001
17890.0,476.9599999999998,18.0,18.0,1,476.9599999999998,125.13000000000002
17894.0,515.8499999999999,23.0,9.0,4,128.96249999999998,603.9599999999998
17897.0,434.62,30.0,24.0,2,217.31,131.98
17905.0,394.15,30.0,9.0,2,197.075,406.09
17912.0,289.40999999999997,21.0,16.0,3,96.46999999999998,21.6
17913.0,218.05,12.0,12.0,1,218.05,193.54999999999995
17917.0,110.91000000000001,19.0,19.0,1,110.91000000000001,230.36999999999998
17920.0,735.91,30.0,25.0,2,367.955,3468.1899999999982
17924.0,279.0,30.0,30.0,1,279.0,2683.5
17937.0,2153.88,19.0,18.0,2,1076.94,2147.34
17949.0,1314.0,28.0,28.0,1,1314.0,57196.48000000002
17950.0,263.17,22.0,22.0,1,263.17,219.02999999999994
17951.0,409.5,30.0,15.0,2,204.75,599.0400000000001
17954.0,128.68,28.0,24.0,2,64.34,2204.040000000001
17961.0,569.75,29.0,10.0,2,284.875,726.6899999999999
17964.0,261.76,29.0,29.0,1,261.76,209.94000000000005
17965.0,156.8,26.0,22.0,2,78.4,2465.77
17969.0,125.19999999999999,18.0,18.0,1,125.19999999999999,103.0
17975.0,621.49,23.0,17.0,2,310.745,3867.320000000003
17980.0,295.2,16.0,16.0,1,295.2,516.2499999999999
17990.0,316.00000000000006,18.0,10.0,2,158.00000000000003,314.8399999999999
17999.0,190.33999999999997,23.0,23.0,1,190.33999999999997,191.71999999999994
18016.0,156.65,21.0,21.0,1,156.65,1326.91
18037.0,31.299999999999997,19.0,19.0,1,31.299999999999997,38.720000000000006
18041.0,634.29,29.0,22.0,2,317.145,3549.099999999998
18043.0,316.4599999999999,23.0,23.0,1,316.4599999999999,243.04999999999995
18044.0,74.25,17.0,17.0,1,74.25,2014.3500000000001
18055.0,1751.1199999999997,26.0,15.0,3,583.7066666666666,5033.07
18061.0,405.15999999999997,23.0,23.0,1,405.15999999999997,1714.2499999999998
18065.0,345.02,21.0,21.0,1,345.02,2047.8100000000006
18071.0,258.95,22.0,22.0,1,258.95,194.05
18075.0,198.95000000000007,17.0,17.0,1,198.95000000000007,2412.800000000001
18077.0,396.33,23.0,12.0,2,198.165,2236.6799999999994
18085.0,303.90000000000003,30.0,30.0,1,303.90000000000003,386.05
18092.0,2852.64,22.0,9.0,3,950.88,6215.619999999999
18097.0,182.52,11.0,11.0,1,182.52,2515.2799999999997
18109.0,552.75,26.0,19.0,2,276.375,7500.21999999999
18116.0,665.57,21.0,8.0,3,221.85666666666668,752.4599999999997
18118.0,608.51,26.0,21.0,2,304.255,5045.309999999976
18144.0,502.65,30.0,17.0,2,251.325,2386.1000000000004
18156.0,206.22999999999993,26.0,26.0,1,206.22999999999993,528.71
18168.0,449.93999999999994,29.0,16.0,2,224.96999999999997,719.9999999999999
18178.0,300.65000000000003,21.0,21.0,1,300.65000000000003,1290.16
18219.0,390.05999999999995,25.0,17.0,2,195.02999999999997,1679.7099999999998
18223.0,501.69,15.0,15.0,1,501.69,5982.850000000004
18225.0,30.0,22.0,22.0,1,30.0,5479.1200000000035
18229.0,653.1999999999999,30.0,23.0,2,326.59999999999997,6623.700000000001
18239.0,438.09999999999997,29.0,29.0,1,438.09999999999997,1123.5100000000002
18245.0,365.73,12.0,12.0,1,365.73,2201.3299999999986
18259.0,376.3,23.0,23.0,1,376.3,1962.3000000000004
18260.0,230.7,15.0,15.0,1,230.7,2412.499999999999
